Idorden;Nada;fondo;accIon;ticker;porcentaje;mes;a??o 
31;;ALPHA;ACCOR EUR 2.251 2,13 2.072 2,39;AC.PA;4.73;Diciembre;2023
94730.48;8216;BESTIDEAS;Iberdrola, S.A.;IBE.MC;17.56838834;1749.91979;11.95
63077.2;15310;BESTIDEAS;Telefónica, S.A.;TEF.MC;10.95818855;1165.2009;4
39999.96;333;BESTIDEAS;NOVO-NORDISK;NVO;7.157529454;738.90391;120.12
27543.5;77;BESTIDEAS;LOREAL;OR.PA;6.120991106;508.8005;444.25
35880;1500;BESTIDEAS;Naturgy Energy Group, S.A.;NTGY.MC;5.937176619;662.79747;22.12
28069.04;40;BESTIDEAS;LVMH MOET HENNESSY LOUIS VUI;MC.PA;5.908975925;518.5086;825.56
27028.95;835;BESTIDEAS;BRITISH AMERICAN TOBACCO PLC;BTI;4.83651748;499.29542;32.37
26997.9;31;BESTIDEAS;ASML HOLDING NV;ASML;4.830961442;498.72184;870.9
19799.64;256;BESTIDEAS;NIKE INC;NKE;4.798870627;365.75115;104.76
26072.37;1737;BESTIDEAS;Repsol, S.A.;REP.MC;3.851010579;481.62488;12.39
17342;56;BESTIDEAS;STRYKER CORP;SYK;3.475527998;320.35211;346.84
18355.95;45;BESTIDEAS;MICROSOFT CORP ;MSFT;3.284584604;339.08242;407.91
17361.52;362;BESTIDEAS; AGNICO EAGLE MINES LTD       ;AEM;3.106642876;320.71269;47.96
17334.56;68;BESTIDEAS;AUTOMATIC DATA PROCESSING;ADP;3.101818696;320.21467;254.92
14904;107;BESTIDEAS;Johnson Johnson;JNJ;3.101718491;275.31587;162
11327;47;BESTIDEAS;MARRIOTT INTERNATIONAL -CL;MAR;2.02683543;209.23932;241
8961;29;BESTIDEAS;Home depot;HD;1.603467139;165.53311;309
8041.15;445;BESTIDEAS;Clínica Baviera, S.A;CBAV.MC;1.438870638;148.54108;18.07
6877;2300;BESTIDEAS;ENCE Energía y Celulosa;ENC.MC;1.230559482;127.03618;2.99
6860;28;BESTIDEAS;VERISK ANALYTICS INC;VRSK;1.227517529;126.72215;245
6603.03;223;BESTIDEAS;Marathon Oil Corporation;MRO;1.181535724;121.97524;29.61
6209.19;39;BESTIDEAS;PROCTER GAMBLE CO THE;PG;1.111062619;114.69998;159.21
6026.4;270;BESTIDEAS;Logista            Industrials ;LOG.MC;1.078354466;111.32337;22.32
5940;3000;BESTIDEAS;Mapfre, S.A.;MAP.MC;1.062894187;109.72734;1.98
0;0;BESTIDEAS;PETROLEO BRASIL-SP;PBR-A;0;0;14.65
31;;BOLSAESPANA;IBERDROLA EUR 5.600 9,41 6.821 10,21;IBE.MC;9.5;Agosto;2024
31;;BOLSAESPANA;INDITEX EUR 3.680 6,18 6.102 9,14;ITX.MC;9.09;Agosto;2024
31;;BOLSAESPANA;BANCO SANTANDER EUR;SAN.MC;7.86;Agosto;2024
31;;BOLSAESPANA;BBVA EUR 2.890 4,86 4.524 6,77;BBVA.MC;7.42;Agosto;2024
31;;BOLSAESPANA;CAIXABANK EUR 1.348 2,83 786 1,64;CABK.MC;5.15;Agosto;2024
31;;BOLSAESPANA;FERROVIAL EUR 1.400 2,94 1.424 2,98;FER.MC;4.66;Agosto;2024
31;;BOLSAESPANA;BANKINTER EUR 888 1,86 664 1,39;BKT.MC;4.58;Agosto;2024
31;;BOLSAESPANA;REPSOL SA EUR 2.852 4,79 3.884 5,82;REP.MC;3.96;Agosto;2024
31;;BOLSAESPANA;CATALANA OCCIDENTE S EUR 1.190 2,49 1.020 2,13;GCO.MC;3.18;Agosto;2023
31;;BOLSAESPANA;VISCOFAN EUR 442 0,93 435 0,91;VIS.MC;3.09;Julio;2024
15;Estimado;BOLSAESPANA;CELLNEX TELECOM SAU EUR 1.838 3,09 1.208 1,81;CLNX.MC;2.96;Abril;2024
15;;BOLSAESPANA;VIDRALA EUR 1.282 2,69 1.298 2,71;VID.MC;2.95;Mayo;2024
15;Estimado;BOLSAESPANA;GRIFOLS SA EUR 2.200 3,70 1.040 1,56;GRF.MC;2.92;Abril;2024
31;;BOLSAESPANA;ENDESA S.A. EUR 1.173 2,46 1.162 2,43;ELE.MC;2.38;Diciembre;2023
31;;BOLSAESPANA;C.A.F. EUR 942 1,97 945 1,98;CAF.MC;2.3;Diciembre;2023
31;;BOLSAESPANA;MAPFRE EUR 629 1,32 564 1,18;MAP.MC;2.28;Diciembre;2023
31;;BOLSAESPANA;TELEFONICA EUR 687 1,44 746 1,56;TEF.MC;1.62;Diciembre;2023
31;;BOLSAESPANA;LOGISTA EUR 254 0,53 -- --;LOG.MC;1.61;Diciembre;2023
31;;BOLSAESPANA;GLOBAL DOMINION EUR 1.119 2,35 978 2,04;DOM.MC;1.58;Diciembre;2023
;;BOLSAESPANA;TUBACEX EUR 630 1,48 154 0,35;TUB.MC;1.48;Diciembre;2023
16;;BOLSAESPANA;INTERNATIONAL CONSOL EUR 2.166 3,64 1.728 2,59;IAG.MC;1.46;Diciembre;2023
31;;BOLSAESPANA;MERLIN PROPERTIES EUR 549 1,15 490 1,03;MRL.MC;1.42;Diciembre;2023
31;;BOLSAESPANA;CIE AUTOMOTIVE EUR 1.455 2,44 815 1,22;CIE.MC;1.39;Diciembre;2023
31;;BOLSAESPANA;INDRA EUR 639 1,53 -- --;IDR.MC;1.32;Diciembre;2023
31;;BOLSAESPANA;SACYR EUR 733 1,54 679 1,42;SCYR.MC;1.32;Diciembre;2023
31;;BOLSAESPANA;LABORATORIOS FARMA EUR 508 1,36 672 1,62;ROVI.MC;1.27;Diciembre;2023
31;;BOLSAESPANA;COLONIAL EUR 1.032 2,16 1.003 2,10;COL.MC;1.23;Diciembre;2023
31;;BOLSAESPANA;TALGO S.A. EUR 503 1,05 486 1,02;TLGO.MC;1.04;Diciembre;2023
31;;BOLSAESPANA;MIQUEL Y COSTAS EUR 993 2,08 949 1,99;MCM.MC;0.97;Diciembre;2023
;;BOLSAESPANA;LABORATORS ALMIRALL EUR 337 0,79 -- --;ALM.MC;0.79;Diciembre;2023
;;BOLSAESPANA;GESTAMP AUTOMOCION, EUR 246 0,58 -- --;GEST.MC;0.58;Diciembre;2023
;;BOLSAESPANA;GRENERGY RENOVABLES EUR 137 0,32 113 0,26;GRE.MC;0.32;Diciembre;2023
31;;BOLSAEUROPA;ROCHE HOLDINGS CHF 2.350 2,69 -- --;ROG.SW;4.28;Agosto;2024
31;;BOLSAEUROPA;NOVO DKK 3.178 1,93 3.154 1,98;NOVO-B.CO;3.83;Agosto;2024
;;BOLSAEUROPA;KERRY GROUP PLC EUR 3.863 1,18 -- --;KYL.F;3.31;Agosto;2024
31;;BOLSAEUROPA;ASTRAZENECA GBP 2.089 1,15 3.828 2,74;AZN.L;2.7;Agosto;2024
31;;BOLSAEUROPA;SHELL PLC EUR 1.540 1,66 -- --;SHELL.AS;2.57;Agosto;2024
31;;BOLSAEUROPA;ASM LITHOGRAPHY HOLD EUR 3.164 1,74 2.205 1,58;ASML.AS;2.53;Agosto;2024
31;;BOLSAEUROPA;SANOFI SA EUR 3.137 1,72 3.416 2,44;SAN.PA;2.45;Agosto;2024
31;;BOLSAEUROPA;TOTAL ENERGIES EUR;FP.VI;2.34;Agosto;2024
31;;BOLSAEUROPA;NESTLE CHF 4.435 2,44 3.642 2,60;NESN.SW;2.32;Agosto;2024
31;;BOLSAEUROPA;HEINEKEN;HNK1.F;2.26;Agosto;2024
31;;BOLSAEUROPA;National Grid PLC Nuevo Capital GBP;NG.L;2.24;Julio;2024
15;;BOLSAEUROPA;LOUIS VUITTON EUR 2.329 1,41 2.095 1,31;MC.PA;1.97;Junio;2024
;Estimado;BOLSAEUROPA;HALEON PLC GBP 556 0,70 -- --;HLN.L;1.96;Junio;2024
15;Estimado;BOLSAEUROPA;LOREAL EUR 3.507 2,13 1.782 1,12;OR.PA;1.96;Junio;2024
14;Estimado;BOLSAEUROPA;ORSTED A DKK 3.581 2,17 -- --;ORSTED.CO;1.96;Junio;2023
;Estimado;BOLSAEUROPA;CIE FINANCIERE RIC CHF 1.120 1,41 1.164 1,12;CFT.SW;1.94;Mayo;2024
;Estimado;BOLSAEUROPA;COCA COLA EUROPAC EUR 1.445 1,81 -- --;CK0.SG;1.94;Mayo;2024
31;Estimado;BOLSAEUROPA;IBERDROLA EUR 2.469 1,50 1.694 1,06;IBE.MC;1.94;Mayo;2024
31;Estimado;BOLSAEUROPA;NOVARTIS CHF 2.211 2,12 2.030 2,15;NOVN.SW;1.94;Mayo;2024
;Estimado;BOLSAEUROPA;OCI NV EUR 879 0,84 -- --;OCI.AS;1.94;Mayo;2023
31;Estimado;BOLSAEUROPA;REPSOL SA EUR 2.108 2,27 -- --;REP.MC;1.94;Mayo;2023
15;Estimado;BOLSAEUROPA;RECKITT BENCKISER GBP 4.558 2,50 -- --;RKT.L;1.94;Mayo;2024
31;Estimado;BOLSAEUROPA;R.W.E AG EUR 1.327 2,43 1.718 4,32;RWE.DE;1.94;Mayo;2024
31;Estimado;BOLSAEUROPA;UCB SA EUR 711 0,81 -- --;UNC.MU;1.94;Mayo;2024
;;BOLSAEUROPA;GALP ENERGIA EUR 1.267 1,59 1.554 1,49;GALP.LS;1.59;Diciembre;2023
31;;BOLSAEUROPA;HERMES INTERNATIONAL EUR 974 1,12 -- --;RMS.PA;1.44;Diciembre;2023
31;;BOLSAEUROPA;ESSILORLUXOTTICA EUR 3.267 2,31 4.989 2,76;EL.PA;1.43;Diciembre;2023
;;BOLSAEUROPA;LONZA GROUP CHF 1.141 1,43 1.802 1,73;LONNE.SW;1.43;Diciembre;2023
31;;BOLSAEUROPA;SIEMENS AG EUR 1.748 0,96 2.092 1,50;SIE.DE;1.39;Diciembre;2023
14;;BOLSAEUROPA;ENEL SPA EUR 1.775 1,92 -- --;ENEL.MI;1.35;Diciembre;2023
31;;BOLSAEUROPA;TELEPERFORMANCE EUR 779 0,83 -- --;TEP.PA;1.34;Diciembre;2023
31;;BOLSAEUROPA;HSBC HOLDINGS GBP 930 1,07 1.089 1,18;HSBA.L;1.33;Diciembre;2023
;;BOLSAEUROPA;ARCELOR MITTAL EUR 997 0,96 -- --;MTS.MC;1.26;Diciembre;2023
31;;BOLSAEUROPA;SCHNEIDER EUR 1.129 1,22 -- --;SU.PA;1.25;Diciembre;2023
;;BOLSAEUROPA;ALLIANZ SE EUR 968 1,21 853 0,82;ALV.DE;1.21;Diciembre;2023
;;BOLSAEUROPA;SYMRISE AG EUR 947 1,19 -- --;SY1.BE;1.19;Diciembre;2023
31;;BOLSAEUROPA;VEOLIA ENVIRONNEMENT EUR 932 1,01 -- --;VIE.PA;1.15;Diciembre;2023
31;;BOLSAEUROPA;SAP SE EUR 4.041 2,27 3.645 2,29;SAP.DE;1.14;Diciembre;2023
31;;BOLSAEUROPA;BNP PARIBAS EUR 1.558 1,10 -- --;BNP.PA;1.1;Diciembre;2023
31;;BOLSAEUROPA;ING GROEP NV EUR 1.141 0,81 -- --;INGA.AS;1.1;Diciembre;2023
;;BOLSAEUROPA;BRUNELLO CUCINELLI EUR 1.024 0,98 -- --;BC.MI;1.08;Diciembre;2023
;;BOLSAEUROPA;MERCK KGAA EUR 909 0,87 1.085 1,15;MRK.F;1.08;Diciembre;2023
31;;BOLSAEUROPA;ADYEN NV EUR 3.046 1,85 3.048 1,91;ADYEN.AS;1.07;Diciembre;2023
;;BOLSAEUROPA;DRAX GROUP GBP 846 1,06 -- --;DRX.L;1.06;Diciembre;2023
;;BOLSAEUROPA;SONOVA HOLDING AG CHF 767 0,96 1.244 1,19;0QPY.IL;0.96;Diciembre;2023
;;BOLSAEUROPA;PRUDENTIAL GBP 929 0,89 789 0,84;PUK;0.92;Diciembre;2023
;;BOLSAEUROPA;BAYER EUR 673 0,84 1.013 0,97;BAYN.DE;0.84;Diciembre;2023
31;;BOLSAEUROPA;DIAGEO GBP 4.539 2,49 2.268 1,62;DGE.L;0.78;Diciembre;2023
;;BOLSAEUROPA;SMITH_NEPHEW GBP 621 0,78 -- --;SN.L;0.78;Diciembre;2023
;;BOLSAEUROPA;VOLKSWAGEN AG EUR 615 0,59 -- --;VOW.DE;0.7;Diciembre;2023
;;BOLSAEUROPA;ANHEUSER-BUSCH EUR 526 0,66 -- --;ITKA.MU;0.66;Diciembre;2023
;;BOLSAEUROPA;ABB CHF 900 0,86 -- --;ABBN.SW;0.65;Diciembre;2023
;;BOLSAEUROPA;DEUTSCHE TELEKOM AG EUR 699 0,67 -- --;DTE.DE;0.63;Diciembre;2023
;;BOLSAEUROPA;MERCEDES-BENZ GROUP EUR 589 0,56 -- --;MBG.DE;0.63;Diciembre;2023
;;BOLSAEUROPA;SWISS RE CHF 458 0,57 -- --;SREN.SW;0.57;Diciembre;2023
31;;BOLSAEUROPA;UNICREDIT SPA EUR 664 0,70 -- --;UCG.MI;0.49;Diciembre;2023
;;BOLSAEUROPA;REMY COINTREAU EUR 230 0,29 -- --;RMC.BE;0.29;Diciembre;2023
;;BOLSAEUROPA;HEIDELBERG MAT EUR 86 0,11 -- --;HEI.DE;0.11;Diciembre;2023
31;;BOLSAINTERNACIONAL;APPLE INCORPORATED USD 4.165 6,18 4.344 7,12;AAPL;5.24;Agosto;2024
31;;BOLSAINTERNACIONAL;MICROSOFT USD 1.828 3,86 1.532 3,85;MSFT;4.95;Agosto;2024
31;;BOLSAINTERNACIONAL;ALPHABET INC USD 1.552 3,28 1.238 3,11;GOOG;3.35;Agosto;2024
31;;BOLSAINTERNACIONAL;NVIDIA CORP USD 683 1,01 -- --;NVDA;3.29;Agosto;2024
31;;BOLSAINTERNACIONAL;AMAZON.COM USD 1.318 2,78 666 1,67;AMZN;2.75;Agosto;2024
31;;BOLSAINTERNACIONAL;JPM CHASE USD 779 1,15 406 0,66;JPM;2.46;Agosto;2024
31;;BOLSAINTERNACIONAL;META PLATFORMS USD 3.215 3,00 4.733 5,55;META;2.34;Agosto;2024
31;;BOLSAINTERNACIONAL;AXA SA EUR 602 0,76 -- --;CS.PA;2.16;Agosto;2024
31;;BOLSAINTERNACIONAL;ING GROEP NV EUR 1.320 1,66 -- --;INGA.AS;2.01;Julio;2024
31;Estimado;BOLSAINTERNACIONAL;ASM LITHOGRAPHY HOLD EUR 1.368 1,38 -- --;ASML.AS;1.87;Junio;2024
15;;BOLSAINTERNACIONAL;LOREAL EUR 1.350 1,36 -- --;LOR.F;1.87;Mayo;2024
31;Estimado;BOLSAINTERNACIONAL;DEUTSCHE TELEKOM AG EUR 547 0,81 477 0,78;DTE.DE;1.74;Febrero;2024
31;Estimado;BOLSAINTERNACIONAL;MASTERCARD INC USD 205 3,18 -- --;MA;1.74;Febrero;2024
31;Estimado;BOLSAINTERNACIONAL;LOUIS VUITTON EUR 568 0,84 511 0,84;MC.PA;1.74;Febrero;2024
31;Estimado;BOLSAINTERNACIONAL;NORDEA BANK SEK 2.065 1,00 -- --;NDA-DK.CO;1.74;Febrero;2024
31;Estimado;BOLSAINTERNACIONAL;NESTLE CHF 1.000 1,48 390 0,64;NESN.SW;1.74;Febrero;2024
31;Estimado;BOLSAINTERNACIONAL;NOVARTIS CHF 292 0,43 309 0,51;NOTA.F;1.74;Febrero;2024
31;Estimado;BOLSAINTERNACIONAL;VISA INC USD 2.204 2,51 2.097 2,35;V;1.74;Febrero;2024
31;;BOLSAINTERNACIONAL;PRUDENTIAL GBP 543 0,81 -- --;PRU.L;1.49;Diciembre;2023
28;;BOLSAINTERNACIONAL;IBERDROLA EUR 4.599 2,23 742 0,75;IBE.MC;1.47;Diciembre;2023
31;;BOLSAINTERNACIONAL;ADOBE USD 945 1,19 938 1,24;ADBE;1.36;Diciembre;2023
;;BOLSAINTERNACIONAL;BROADCOM USD 3.539 1,29 -- --;AVGO;1.29;Diciembre;2023
;;BOLSAINTERNACIONAL;LILLY USD 3.432 1,25 1.290 0,59;LLY;1.25;Diciembre;2023
;;BOLSAINTERNACIONAL;JOHNSON_JOHNSON USD 3.408 1,24 1.517 0,70;JNJ;1.24;Diciembre;2023
31;;BOLSAINTERNACIONAL;UNITEDHEALTH GROUP USD 888 1,32 -- --;UNH;1.22;Diciembre;2023
31;;BOLSAINTERNACIONAL;WALT DISNEY CO USD 1.673 1,90 1.430 1,60;DIS;1.19;Diciembre;2023
31;;BOLSAINTERNACIONAL;TOTAL EUR 503 0,75 446 0,73;FP.VI;1.12;Diciembre;2023
31;;BOLSAINTERNACIONAL;PROCTER  GAMBLE USD 3.864 1,51 -- â€“;PG;1.11;Diciembre;2023
31;;BOLSAINTERNACIONAL;HSBC HOLDINGS GBP 561 0,64 -- --;HSBA.L;1.07;Diciembre;2023
;;BOLSAINTERNACIONAL;BERKSHIRE HATHAWAY USD 2.908 1,06 -- --;BRK-B;1.06;Diciembre;2023
;;BOLSAINTERNACIONAL;SALESFORCE USD 2.860 1,04 3.292 1,52;CRM;1.04;Diciembre;2023
31;;BOLSAINTERNACIONAL;THE HOME DEPOT INC USD 729 1,08 -- --;HD;1.03;Diciembre;2023
31;;BOLSAINTERNACIONAL;MERCK  CO INC USD 460 0,68 231 0,38;MRK;1.01;Diciembre;2023
;;BOLSAINTERNACIONAL;CHEVRON USD 2.702 0,99 -- --;CVX;0.99;Diciembre;2023
31;;BOLSAINTERNACIONAL;ASTRAZENECA GBP 426 0,63 409 0,67;AZN.L;0.98;Diciembre;2023
;;BOLSAINTERNACIONAL;ABBVIE INC USD 2.527 0,92 -- --;ABBV;0.92;Diciembre;2023
;;BOLSAINTERNACIONAL;CIGNA USD 1.899 0,69 1.929 0,89;CI;0.89;Diciembre;2023
;;BOLSAINTERNACIONAL;ALLIANZ SE EUR 2.420 0,88 -- --;ALV.DE;0.88;Diciembre;2023
31;;BOLSAINTERNACIONAL;SIEMENS AG EUR 980 1,45 823 1,35;SIE.DE;0.87;Diciembre;2023
31;;BOLSAINTERNACIONAL;PFIZER USD 803 1,19 783 1,28;PFE;0.86;Diciembre;2023
31;;BOLSAINTERNACIONAL;BANK OF AMERICA USD 561 0,83 422 0,69;BAC;0.83;Diciembre;2023
31;;BOLSAINTERNACIONAL;MCDONALD CORP USD 1.146 1,67 176 0,29;MCD;0.83;Diciembre;2023
31;;BOLSAINTERNACIONAL;CISCO SYSTEM USD 214 0,45 241 0,60;CSCO;0.81;Diciembre;2023
31;;BOLSAINTERNACIONAL;INTUITIVE SURGICAL USD 773 0,97 -- --;ISRG;0.8;Diciembre;2023
;;BOLSAINTERNACIONAL;SONY GROUP JPY 2.142 0,78 -- --;7352.T;0.78;Diciembre;2023
31;;BOLSAINTERNACIONAL;LAM RESEARCH CORP USD 1.015 1,51 773 1,27;LRCX;0.78;Diciembre;2023
31;;BOLSAINTERNACIONAL;COMCAST CORP USD 692 1,03 -- --;CMCSA;0.77;Diciembre;2023
;;BOLSAINTERNACIONAL;COCA COLA USD 1.656 0,76 -- --;KO;0.76;Diciembre;2023
31;;BOLSAINTERNACIONAL;ACCENTURE PLC USD 236 0,35 214 0,35;ACN;0.75;Diciembre;2023
31;;BOLSAINTERNACIONAL;NIKE INC USD 340 0,50 347 0,57;NKE;0.72;Diciembre;2023
31;;BOLSAINTERNACIONAL;AT T INC USD 413 0,61 377 0,62;T;0.72;Diciembre;2023
;;BOLSAINTERNACIONAL;AMERICAN TOWER USD 1.956 0,71 -- --;AMT;0.71;Diciembre;2023
;;BOLSAINTERNACIONAL;IBM CORP USD 1.926 0,70 -- --;IBM;0.7;Diciembre;2023
;;BOLSAINTERNACIONAL;NEXTERA ENERGY USD 1.926 0,70 -- --;NEE;0.7;Diciembre;2023
;;BOLSAINTERNACIONAL;SHIN-ETSU CHEMICAL JPY 1.890 0,69 -- --;SEH.F;0.69;Diciembre;2023
;;BOLSAINTERNACIONAL;LINDE PLC USD 1.860 0,68 -- --;LIN.DE;0.68;Diciembre;2023
;;BOLSAINTERNACIONAL;RECKITT BENCKISER GBP 1.873 0,68 1.376 0,63;RKT.L;0.68;Diciembre;2023
;;BOLSAINTERNACIONAL;PEPSICO INC USD 1.019 0,47 -- --;PEP;0.67;Diciembre;2023
;;BOLSAINTERNACIONAL;QUALCOMM USD 1.834 0,67 -- --;QCI.HA;0.67;Diciembre;2023
31;;BOLSAINTERNACIONAL;ESSILORLUXOTTICA EUR 666 0,99 412 0,67;EL.PA;0.66;Diciembre;2023
31;;BOLSAINTERNACIONAL;SHELL PLC EUR 621 0,71 -- --;SHELL.AS;0.65;Diciembre;2023
31;;BOLSAINTERNACIONAL;EON SE EUR 1.737 0,84 641 0,65;EON.BD;0.61;Diciembre;2023
31;;BOLSAINTERNACIONAL;NESTE OYJ EUR 606 0,69 -- --;NESTE.HE;0.59;Diciembre;2023
;;BOLSAINTERNACIONAL;KEYENCE CORP JPY 1.588 0,58 -- --;6861.T;0.58;Diciembre;2023
31;;BOLSAINTERNACIONAL;CAPGEMINI EUR 726 1,08 634 1,04;CAP.PA;0.55;Diciembre;2023
31;;BOLSAINTERNACIONAL;TAIWAN SEMICONDUCTOR USD 1.311 1,94 -- --;TSM;0.55;Diciembre;2023
;;BOLSAINTERNACIONAL;BLACKROCK INC USD 1.471 0,54 -- --;BLK;0.54;Diciembre;2023
;;BOLSAINTERNACIONAL;SCHNEIDER EUR 1.454 0,53 -- --;SU.PA;0.53;Diciembre;2023
;;BOLSAINTERNACIONAL;HITACHI JPY 1.430 0,52 -- --;HIA1.MU;0.52;Diciembre;2023
;;BOLSAINTERNACIONAL;GEN ELEC CO USD 1.387 0,51 -- --;GE;0.51;Diciembre;2023
;;BOLSAINTERNACIONAL;HONDA MOTOR JPY 1.405 0,51 -- --;HDM.DU;0.51;Diciembre;2023
31;;BOLSAINTERNACIONAL;KERING EUR 3.329 1,82 735 0,74;KER.PA;0.51;Diciembre;2023
31;;BOLSAINTERNACIONAL;ADIDAS EUR 759 0,76 -- -;ADS.DE;0.5;Diciembre;2023
;;BOLSAINTERNACIONAL;HEINEKEN NV EUR 942 0,43 -- --;HEIA.AS;0.5;Diciembre;2023
31;;BOLSAINTERNACIONAL;ESTEE LAUDER USD 607 0,61 -- --;EL;0.36;Diciembre;2023
31;;BOLSAUSA;APPLE INCORPORATED USD 2.461 7,74 1.741 5,89;AAPL;6.74;Agosto;2024
31;;BOLSAUSA;MICROSOFT USD 1.336 4,20 1.178 3,99;MSFT;6.62;Agosto;2024
31;;BOLSAUSA;ALPHABET INC USD 2.265 7,12 2.095 7,09;GOOG;6.29;Agosto;2024
31;;BOLSAUSA;NVIDIA CORP USD 2.637 2,23 -- --;NVDA;6.05;Agosto;2024
31;;BOLSAUSA;AMAZON.COM USD 791 1,15 800 1,31;AMZN;4.04;Agosto;2024
31;;BOLSAUSA;META PLATFORMS USD 3.215 3,00 4.733 5,55;META;3.14;Agosto;2024
31;;BOLSAUSA;BERKSHIRE HATHAWAY USD 2.843 2,35 2.719 2,30;BRK-B;2.18;Agosto;2024
15;;BOLSAUSA;MERCK_CO INC USD 1.512 2,20 1.540 2,52;MRK;1.96;Agosto;2024
31;;BOLSAUSA;MASTERCARD INC USD 205 3,18 -- --;MA;1.88;Agosto;2024
31;;BOLSAUSA;JPM CHASE USD 649 0,95 520 0,85;JPM;1.82;Agosto;2024
15;Estimado;BOLSAUSA;VISA INC USD 1.690 1,62 1.715 2,01;V;1.74;Julio;2024
15;Estimado;BOLSAUSA;GOLDMAN SACHS USD 1.324 1,93 1.025 1,68;GS;1.67;Abril;2024
15;Estimado;BOLSAUSA;JOHNSON  JOHNSON USD 1.121 1,63 1.031 1,68;JNJ;1.67;Abril;2024
15;Estimado;BOLSAUSA;NEXTERA ENERGY USD 2.733 2,47 -- --;NEE;1.67;Abril;2024
15;Estimado;BOLSAUSA;PFIZER USD 1.101 3,46 1.258 4,25;PFE;1.67;Abril;2024
15;Estimado;BOLSAUSA;TESLA MOTORS INC USD 740 1,36 -- --;TSLA;1.67;Abril;2024
15;Estimado;BOLSAUSA;UNITEDHEALTH GROUP USD 2.098 1,74 1.146 0,97;UNH;1.67;Abril;2024
31;;BOLSAUSA;SALESFORCE.COM USD 1.445 2,10 1.457 2,38;CRM;1.58;Diciembre;2023
;;BOLSAUSA;BROADCOM USD 1.832 1,52 -- --;AVGO;1.52;Diciembre;2023
;;BOLSAUSA;THE HOME DEPOT INC USD 1.789 1,48 570 0,48;HD;1.48;Diciembre;2023
31;;BOLSAUSA;GENERAL MOTORS USD 392 0,57 273 0,45;GM;1.43;Diciembre;2023
;;BOLSAUSA;MONDELEZ INTERNATION USD 328 0,27 1.672 1,41;KTF.F;1.41;Diciembre;2023
31;;BOLSAUSA;LILLY USD 319 0,46 276 0,45;LLY;1.35;Diciembre;2023
;;BOLSAUSA;BOOKING HOLDINGS USD 1.607 1,33 619 0,52;PCE1.SG;1.33;Diciembre;2023
31;;BOLSAUSA;PROCTER  GAMBLE USD 3.864 1,51 -- â€“;PG;1.28;Diciembre;2023
31;;BOLSAUSA;COCA COLA USD 1.034 1,51 359 0,59;KO;1.19;Diciembre;2023
31;;BOLSAUSA;NIKE INC USD 453 0,66 463 0,76;NKE;1.18;Diciembre;2023
31;;BOLSAUSA;ABBVIE INC USD 646 0,94 614 1,00;ABBV;1.16;Diciembre;2023
;;BOLSAUSA;CHEVRON USD 288 0,24 -- --;CVX;1.12;Diciembre;2023
31;;BOLSAUSA;QUALCOMM USD 1.130 1,65 1.247 2,04;QCOM;1.08;Diciembre;2023
;;BOLSAUSA;COSTCO WHOLESALE USD 1.196 0,99 -- --;COST;0.99;Diciembre;2023
31;;BOLSAUSA;PEPSICO INC USD 362 0,53 364 0,59;PEP;0.99;Diciembre;2023
31;;BOLSAUSA;ABBOTT LABORATORIES USD 1.175 1,71 1.031 1,68;ABT;0.95;Diciembre;2023
31;;BOLSAUSA;PAYPAL HOLDINGS INC USD 1.035 1,51 959 1,57;PYPL;0.92;Diciembre;2023
31;;BOLSAUSA;CVS USD 1.924 2,80 1.677 2,74;CVS;0.89;Diciembre;2023
14;;BOLSAUSA;MCDONALD CORP USD 1.146 1,67 176 0,29;MCD;0.89;Diciembre;2023
31;;BOLSAUSA;WALMART USD 289 0,42 295 0,48;WMT;0.89;Diciembre;2023
;;BOLSAUSA;THERMO FISHER USD 1.058 0,87 -- --;TN8.F;0.87;Diciembre;2023
14;;BOLSAUSA;ACCENTURE PLC USD 282 0,89 244 0,82;ACN;0.81;Diciembre;2023
31;;BOLSAUSA;CISCO SYSTEM USD 1.984 2,89 1.648 2,69;CSCO;0.8;Diciembre;2023
;;BOLSAUSA;ADOBE USD 919 0,76 -- --;ADBE;0.76;Diciembre;2023
;;BOLSAUSA;WELLS FARGO USD 892 0,74 -- --;WFC;0.74;Diciembre;2023
;;BOLSAUSA;NETFLIX USD 882 0,73 -- --;NFLX;0.73;Diciembre;2023
;;BOLSAUSA;TEXAS INSTRUMENTS USD 849 0,70 -- --;TXN;0.7;Diciembre;2023
31;;BOLSAUSA;BANK OF AMERICA USD 891 1,30 670 1,09;BAC;0.68;Diciembre;2023
;;BOLSAUSA;COMCAST CORP USD 794 0,66 -- --;CMCS.VI;0.66;Diciembre;2023
;;BOLSAUSA;QUANTA SERVICES USD 720 0,61 -- --;PWR;0.65;Diciembre;2023
;;BOLSAUSA;DANAHER CORP USD 775 0,64 -- --;DHR;0.64;Diciembre;2023
31;;BOLSAUSA;ORACLE CORP USD 778 1,13 159 0,26;ORCL;0.6;Diciembre;2023
31;;BOLSAUSA;INTEL CORP USD 709 1,03 530 0,87;INTC;0.58;Diciembre;2023
31;;BOLSAUSA;CATERPILLAR INC USD 198 0,29 149 0,24;CAT;0.55;Diciembre;2023
;;BOLSAUSA;BRISTOL-MYRS SQUIBB USD 651 0,54 821 0,69;BMY;0.54;Diciembre;2023
;;BOLSAUSA;UNION PACIFIC CORP USD 645 0,53 -- --;UNP.F;0.53;Diciembre;2023
;;BOLSAUSA;AMGEN USD 626 0,52 -- --;AMG.F;0.52;Diciembre;2023
31;;BOLSAUSA;CONOCO USD 2.088 2,01 1.713 1,64;COP;0.52;Diciembre;2023
;;BOLSAUSA;MORGAN STANLEY USD 634 0,52 -- --;MS-PF;0.52;Diciembre;2023
;;BOLSAUSA;UNITED PARCEL USD 612 0,51 -- --;UPS;0.51;Diciembre;2023
31;;BOLSAUSA;AT_T INC USD 1.239 1,80 1.130 1,85;T;0.47;Diciembre;2023
;;BOLSAUSA;AMERICAN EXPRESS USD 543 0,45 -- --;AXP.VI;0.45;Diciembre;2023
;;BOLSAUSA;DEERE_CO USD 543 0,45 -- --;DE;0.45;Diciembre;2023
31;;BOLSAUSA;VERIZON USD 297 0,43 289 0,47;VZ;0.45;Diciembre;2023
31;;BOLSAUSA;WALT DISNEY CO USD 1.022 1,49 964 1,57;DIS;0.44;Diciembre;2023
14;;BOLSAUSA;BLACKROCK INC USD 3.776 3,62 -- --;BLK;0.43;Diciembre;2023
31;;BOLSAUSA;STARBUCKS USD 279 0,41 263 0,43;SBUX;0.43;Diciembre;2023
;;BOLSAUSA;COLGATE- PALMOLIVE C USD 498 0,41 -- --;COLG.VI;0.41;Diciembre;2023
;;BOLSAUSA;AMERICAN TOWER USD 489 0,40 267 0,23;AMT;0.4;Diciembre;2023
;;BOLSAUSA;GILEAD SCIENCES USD 477 0,39 -- --;GILD;0.39;Diciembre;2023
31;;BOLSAUSA;CITIGROUP USD 615 0,90 501 0,82;C;0.38;Diciembre;2023
31;;BOLSAUSA;IBM CORP USD 454 0,66 412 0,67;IBM;0.37;Diciembre;2023
31;;BOLSAUSA;3M CO USD 1.232 1,79 501 0,82;MMM;0.37;Diciembre;2023
;;BOLSAUSA;SCHWAB CORP USD 436 0,36 -- --;SCHW;0.36;Diciembre;2023
;;BOLSAUSA;GEN ELEC CO USD 405 0,33 352 0,30;GE;0.33;Diciembre;2023
;;BOLSAUSA;T-MOBILE US USD 392 0,32 -- --;TM5.MU;0.32;Diciembre;2023
;;BOLSAUSA;EMERSON ELECTRIC USD 220 0,18 -- --;EMR.F;0.18;Diciembre;2023
31;;BOLSAUSA;METLIFE USD 155 0,23 115 0,19;MET;0.15;Diciembre;2023
31;;BOLSAUSA;EXELON CORP USD 1.615 1,46 1.729 1,66;EXC;0.13;Diciembre;2023
31;;BOLSAUSA;ESTEE LAUDER USD 248 0,36 218 0,36;EL;0.11;Diciembre;2023
31;;DIVIDENDO;AXA SA EUR 8.085 4,43 8.131 4,47;CS.PA;2.88;Agosto;2024
31;;DIVIDENDO;COCA COLA USD 2.674 0,94 -- --;KO;2.83;Agosto;2024
31;;DIVIDENDO;BROADCOM USD 5.436 2,12 5.561 2,28;AVGO;2.82;Agosto;2024
31;;DIVIDENDO;AMUNDI S.A. EUR 89 1,12 200 3,11;AMUN.PA;2.72;Agosto;2024
31;;DIVIDENDO;TOTAL EUR 7.006 3,84 6.031 3,32;FP.VI;2.67;Agosto;2024
31;;DIVIDENDO;UPM-KYMMENE EUR 4.556 2,84 7.579 4,45;UPM.HE;2.54;Agosto;2023
31;;DIVIDENDO;NATIONAL GBP 3.516 2,19 3.324 1,95;NG.L;2.53;Agosto;2023
;Estimado;DIVIDENDO;Medtronic PLC USD;MDT;2.49;Agosto;2024
31;;DIVIDENDO;PEPSICO INC USD 4.824 3,01 -- --;PEP;2.48;Agosto;2024
31;;DIVIDENDO;VERIZON USD 8.011 2,33 -- --;VZ;2.48;Julio;2024
;;DIVIDENDO;QUALCOMM USD 5.503 1,67 -- --;QCI.F;2.46;Julio;2023
15;Estimado;DIVIDENDO;ALLIANZ SE EUR 6.770 3,71 7.420 4,08;ALV.DE;2.35;Julio;2024
15;Estimado;DIVIDENDO;EON SE EUR 2.977 1,86 2.719 1,60;EOAN.DE;2.35;Julio;2024
15;Estimado;DIVIDENDO;IBERDROLA EUR 7.528 4,13 7.188 3,96;IBE.MC;2.35;Julio;2024
15;Estimado;DIVIDENDO;JOHNSON  JOHNSON USD 1.121 1,63 1.031 1,70;JNJ;2.35;Julio;2024
15;Estimado;DIVIDENDO;MERCK_CO INC USD 6.302 3,16 6.066 3,50;MRK;2.35;Julio;2024
15;Estimado;DIVIDENDO;MUENCHENER RUECKVER EUR 8.440 2,57 7.731 2,25;MUV2.HA;2.35;Julio;2024
15;Estimado;DIVIDENDO;REPSOL SA EUR 6.257 2,44 7.447 3,06;REP.MC;2.35;Julio;2024
15;Estimado;DIVIDENDO;ROCHE HOLDINGS CHF 2.543 1,39 2.177 1,20;ROG.SW;2.35;Julio;2024
15;Estimado;DIVIDENDO;SANOFI SA EUR 8.308 4,56 7.895 4,34;SAN.PA;2.35;Julio;2024
15;Estimado;DIVIDENDO;AT_T INC USD 7.603 2,21 6.363 2,23;T;2.35;Julio;2024
31;Estimado;DIVIDENDO;BRISTOL-MYRS SQUIBB USD 7.437 2,26 9.379 2,73;BMY;2.26;Diciembre;2023
;;DIVIDENDO;NESTLE CHF 7.710 2,24 -- --;NESN.SW;2.23;Diciembre;2023
31;;DIVIDENDO;NOVARTIS CHF 4.228 2,32 -- --;NOTA.F;2.22;Diciembre;2023
31;;DIVIDENDO;NORDEA BANK SEK 5.712 2,00 3.022 1,24;NDA-SE.ST;2.19;Diciembre;2023
;;DIVIDENDO;VEOLIA ENVIRONNEMENT EUR 7.150 2,08 5.928 2,0;VIE.PA;2.15;Diciembre;2023
31;;DIVIDENDO;ABBVIE INC USD 6.720 2,76 6.550 3,78;ABBV;2.14;Diciembre;2023
31;;DIVIDENDO;CME GROUP USD 4.179 2,61 -- --;CME;2.12;Diciembre;2023
31;;DIVIDENDO;DEUTSCHE TELEKOM AG EUR 4.550 2,84 3.963 2,32;DTE.DE;2.12;Diciembre;2023
31;;DIVIDENDO;ENERGIAS DE PORTUGAL EUR 3.226 2,01 3.416 2,00;EDP.LS;2.03;Diciembre;2023
;;DIVIDENDO;SYSCO CORPORATION USD 6.625 2,02 5.101 1,48;SYY.BE;2.02;Diciembre;2023
31;;DIVIDENDO;RECKITT BENCKISER GBP 5.185 2,60 5.661 3,27;RKT.L;2.01;Diciembre;2023
;;DIVIDENDO;SIGNIFY NV EUR 8.368 2,55 7.085 2,06;G14.MU;2;Diciembre;2023
31;;DIVIDENDO;DARDEN RESTAURANTS USD 3.360 1,18 -- --;DRI;1.99;Diciembre;2023
31;;DIVIDENDO;PROCTER  GAMBLE USD 3.864 1,51 -- â€“;PG;1.7;Diciembre;2023
;;DIVIDENDO;ENEL SPA EUR 5.048 1,54 -- --;ENL.DE;1.54;Diciembre;2023
;;DIVIDENDO;CISCO SYSTEM USD 5.034 1,53 -- --;CSCO;1.53;Diciembre;2023
31;;DIVIDENDO;VINCI SA EUR 2.687 1,10 -- --;DG.PA;1.44;Diciembre;2023
31;;DIVIDENDO;RIO TINTO PLC GBP 1.956 1,19 1.833 1,15;RIO.L;1.44;Diciembre;2023
31;;DIVIDENDO;KONINKLIJKE KPN EUR 4.515 2,82 3.880 2,28;KPN.AS;1.39;Diciembre;2023
;;DIVIDENDO;TOYOTA MOTOR JPY 4.386 1,34 3.890 1,13;7203.T;1.34;Diciembre;2023
31;;DIVIDENDO;ASSICURAZIONI GENERA EUR 3.753 2,34 3.137 1,84;G.MI;1.28;Diciembre;2023
31;;DIVIDENDO;VODAFONE GROUP GBP 4.801 3,00 4.187 2,46;VOD.L;0.34;Diciembre;2023
31;;FINANCIERO;JPM CHASE USD 1.885 8,07 1.983 7,38;JPM;6.89;Agosto;2024
31;;FINANCIERO;VISA INC USD 676 5,68 496 5,73;V;5.05;Agosto;2024
31;;FINANCIERO;MASTERCARD INC USD 205 3,18 -- --;MA;4.89;Agosto;2024
31;;FINANCIERO;ING GROEP NV EUR 1.706 7,31 1.628 6,06;INGA.AS;3.86;Agosto;2024
31;;FINANCIERO;BANK OF AMERICA USD 1.850 7,92 1.630 6,06;BAC;3.5;Agosto;2024
31;;FINANCIERO;AMERICAN EXPRESS USD 291 2,45 -- --;AXP;3.36;Agosto;2024
15;;FINANCIERO;AXA SA EUR 324 4,10 276 4,29;CS.PA;3.27;Agosto;2024
31;;FINANCIERO;BLACKROCK INC USD 129 1,63 -- --;BLK;3.23;Agosto;2024
31;;FINANCIERO;GOLDMAN SACHS USD 167 2,12 130 2,01;GS;3.2;Julio;2023
31;;FINANCIERO;MORGAN STANLEY USD 99 1,26 -- --;MS;3.19;Julio;2024
15;;FINANCIERO;WELLS FARGO USD 150 1,90 -- --;WFC;3.09;Junio;2023
15;;FINANCIERO;ALLIANZ SE EUR 1.070 4,58 1.781 6,62;ALV.DE;3.01;Abril;2024
15;Estimado;FINANCIERO;BNP PARIBAS EUR 61 0,74 58 0,69;BNP.PA;2.85;Abril;2024
15;Estimado;FINANCIERO;CATALANA OCCIDENTE S EUR 234 2,96 201 3,12;GCO.MC;2.85;Abril;2024
15;Estimado;FINANCIERO;NORDEA BANK SEK 100 1,21 85 1,00;NDA-SE.ST;2.85;Abril;2024
31;Estimado;FINANCIERO;HSBC HOLDINGS GBP 68 0,82 73 0,86;HSBA.L;2.58;Diciembre;2023
31;;FINANCIERO;ROYAL BK CANADA USD 276 2,38 277 2,33;RYC.DU;2.54;Diciembre;2023
;;FINANCIERO;AIB GROUP EUR 250 1,89 -- --;A5G.IR;2.33;Diciembre;2023
31;;FINANCIERO;MOODY`S CORP USD 64 0,81 -- --;MCO;2.29;Diciembre;2023
31;;FINANCIERO;ZURICH INSURANCE CHF 365 1,57 919 3,42;ZURN.SW;2.28;Diciembre;2023
31;;FINANCIERO;S_P GLOBAL USD 183 2,22 173 2,04;SPGI;2.22;Diciembre;2023
31;;FINANCIERO;PRUDENTIAL GBP 835 3,58 934 3,48;PRU.L;2.18;Diciembre;2023
31;;FINANCIERO;DNB ASA NOK 54 0,69 -- --;DNB.OL;2.17;Diciembre;2023
31;;FINANCIERO;AEGON EUR 132 1,52 -- --;AGN.AS;2.14;Diciembre;2023
31;;FINANCIERO;DEUTSCHE BOERSE AG EUR 213 2,69 209 3,25;DB1.DE;1.9;Diciembre;2023
31;;FINANCIERO;UBS GROUP AG CHF 79 1,00 69 1,08;UBS;1.82;Diciembre;2023
31;;FINANCIERO;ASSICURAZIONI GENERA EUR 68 0,86 86 1,33;G.MI;1.77;Diciembre;2023
31;;FINANCIERO;CHUBB USD 155 1,15 -- --;CB;1.71;Diciembre;2023
31;;FINANCIERO;SOCIETE GENERALE SA EUR 65 0,79 60 0,70;GLE.PA;1.56;Diciembre;2023
31;;FINANCIERO;ADMIRAL GROUP GBP 76 0,66 -- --;ADM.L;1.29;Diciembre;2023
31;;FINANCIERO;CITIGROUP USD 1.177 5,04 1.017 3,78;C;1.29;Diciembre;2023
31;;FINANCIERO;AMUNDI S.A. EUR 89 1,12 200 3,11;AMUN.PA;1.14;Diciembre;2023
;;FINANCIERO;AIA GROUP USD 63 0,48 -- --;AAGIY;0.99;Diciembre;2023
;;FINANCIERO;INTESA SANPAOLO EUR 106 0,98 144 1,09;IESJ.F;0.98;Diciembre;2023
;;FINANCIERO;LONDON STOCK EXCHANG GBP 75 0,69 -- --;LSEG.L;0.69;Diciembre;2023
31;;GLOBAL;MICROSOFT USD 10.983 2,82 9.203 2,65;MSFT;3.95;Agosto;2024
31;;GLOBAL;NVIDIA CORP USD 12.145 1,94 -- --;NVDA;3.7;Agosto;2024
31;;GLOBAL;ALPHABET INC USD 11.150 2,86 8.892 2,56;GOOG;3.26;Agosto;2024
31;;GLOBAL;VISA INC USD 4.021 1,03 3.664 1,06;V;2.94;Agosto;2024
31;;GLOBAL;PROCTER  GAMBLE USD 3.864 1,51 -- â€“;PG;2.77;Agosto;2024
;;GLOBAL;Unilever PlC EUR;UNA.AS;2.65;Agosto;2024
31;;GLOBAL;LAM RESEARCH CORP USD 9.487 1,43 -- --;LRCX;2.59;Agosto;2024
31;;GLOBAL;HEINEKEN NV EUR 13.055 2,65 13.374 2,49;HEIA.AS;2.56;Agosto;2024
31;;GLOBAL;APPLE INCORPORATED USD 13.213 2,39 13.781 2,69;AAPL;2.52;Agosto;2023
;;GLOBAL;S_P GLOBAL USD 8.268 1,54 -- --;SPGI;2.5;Agosto;2023
31;Estimado;GLOBAL;TENCENT HOLDINGS HKD 8.027 1,45 -- --;0700.HK;2.49;Agosto;2023
31;Estimado;GLOBAL;ASM HOLDING EUR;ASML.AS;2.49;Agosto;2024
31;;GLOBAL;COCA COLA USD 4.037 1,04 3.664 1,06;KO;2.49;Agosto;2024
31;;GLOBAL;NESTLE CHF 9.676 2,49 9.136 2,63;NESN.SW;2.49;Agosto;2024
15;Estimado;GLOBAL;ESTEE LAUDER USD 13.497 2,44 11.861 2,32;EL;2.37;Mayo;2024
;Estimado;GLOBAL;KRAFT HEINZ USD 9.715 1,98 -- --;KHC;2.37;Mayo;2024
15;Estimado;GLOBAL;LOUIS VUITTON EUR 8.941 1,62 8.041 1,57;MC.PA;2.37;Mayo;2024
15;Estimado;GLOBAL;MEDTRONIC USD 13.487 2,51 4.283 0,93;MDT;2.37;Mayo;2024
31;Estimado;GLOBAL;NIKE INC USD 17.740 3,21 18.132 3,54;NKE;2.37;Mayo;2024
15;Estimado;GLOBAL;LOREAL EUR 8.188 1,48 7.787 1,52;OR.PA;2.37;Mayo;2024
31;Estimado;GLOBAL;PEPSICO INC USD 3.038 0,66 -- --;PEP;2.37;Mayo;2023
31;Estimado;GLOBAL;RECKITT BENCKISER GBP 11.106 2,85 5.783 1,67;RKT.L;2.37;Mayo;2024
31;;GLOBAL;ALIBABA GROUP USD 9.334 1,82 -- --;BABA;2.17;Diciembre;2023
31;;GLOBAL;WALT DISNEY CO USD 10.456 1,89 9.858 1,93;DIS;2.1;Diciembre;2023
31;;GLOBAL;JOHNSON  JOHNSON USD 1.121 1,63 1.031 1,69;JNJ;2.05;Diciembre;2023
;;GLOBAL;COLGATE- PALMOLIVE C USD 7.062 1,32 -- --;CL;1.98;Diciembre;2023
28;;GLOBAL;AMAZON.COM USD 10.546 2,71 9.328 2,69;AMZN;1.96;Diciembre;2023
31;;GLOBAL;HERMES INTERNATIONAL EUR 7.023 1,27 6.544 1,28;RMS.PA;1.93;Diciembre;2023
;;GLOBAL;LILLY USD 8.598 1,60 -- --;LLY;1.8;Diciembre;2023
;;GLOBAL;CIE FINANCIERE RIC CHF 10.866 2,03 4.852 1,06;CFRZ.XC;1.77;Diciembre;2023
31;;GLOBAL;MCDONALD CORP USD 1.146 1,67 176 0,29;MCD;1.74;Diciembre;2023
31;;GLOBAL;EW LIFESCIENCES USD 12.763 2,31 13.367 2,61;EW;1.71;Diciembre;2023
28;;GLOBAL;ESSILORLUXOTTICA EUR 11.229 2,03 10.315 2,02;EL.PA;1.49;Diciembre;2023
;;GLOBAL;MONCLER SPA EUR 7.798 1,45 6.094 1,33;MOV.F;1.39;Diciembre;2023
28;;GLOBAL;INTUITIVE SURGICAL USD 2.899 0,74 2.769 0,80;ISRG;1.37;Diciembre;2023
31;;GLOBAL;SALESFORCE.COM USD 3.793 0,69 2.914 0,57;CRM;1.36;Diciembre;2023
31;;GLOBAL;PAYPAL HOLDINGS INC USD 5.788 1,49 4.027 1,16;PYPL;1.36;Diciembre;2023
31;Estimado;GLOBAL;ADOBE USD 8.510 1,54 8.597 1,68;ADBE;1.21;Diciembre;2023
28;;GLOBAL;STARBUCKS USD 6.654 1,71 10.315 2,97;SBUX;1.18;Diciembre;2023
;;GLOBAL;ABBOTT LABORATORIES USD 4.997 0,93 -- --;ABT;1.01;Diciembre;2023
;;GLOBAL;ASTRAZENECA GBP 4.884 0,99 -- --;0A4J.L;0.99;Diciembre;2023
31;Estimado;GLOBAL;META PLATFORMS USD 3.215 3,00 4.733 5,55;META;0.97;Diciembre;2023
31;;GLOBAL;INDITEX EUR 10.526 1,90 9.754 1,91;ITX.MC;0.92;Diciembre;2023
;;GLOBAL;MERCK_CO INC USD 4.760 0,89 -- --;MRK;0.9;Diciembre;2023
;;GLOBAL;JPM CHASE USD 4.315 0,88 -- --;CMC.F;0.88;Diciembre;2023
;;GLOBAL;DIAGEO GBP 4.342 0,88 -- --;GUI.DE;0.88;Diciembre;2023
31;;GLOBAL;SAP SE EUR 7.571 1,66 -- --;SAP.DE;0.87;Diciembre;2023
31;;GLOBAL;FERRARI NV EUR 5.080 1,11 -- --;RACE.MI;0.78;Diciembre;2023
;;GLOBAL;MEITUAN HKD 388 0,07 -- --;3690.HK;0.05;Diciembre;2023
31;;JAPON;FAST RETAILING JPY 667 4,97 664 5,17;9983.T;8.74;Agosto;2024
31;;JAPON;TOKYO ELECTRON JPY 636 4,74 400 3,11;8035.T;6.37;Agosto;2024
31;;JAPON;ADVANTEST JPY 2.384 2,61 549 1,00;6857.T;4.44;Agosto;2024
31;;JAPON;SOFTBANK GROUP JPY 242 1,80 261 2,04;9984.T;4.22;Agosto;2024
31;;JAPON;TDK JPY 1.652 1,81 797 1,46;6762.T;3.75;Agosto;2024
31;;JAPON;KDDI JPY 2.510 2,76 2.195 2,27;9433.T;3.72;Agosto;2024
31;;JAPON;SHIN-ETSU CHEMICAL JPY 2.220 2,43 640 1,17;4063.T;3.4;Agosto;2024
31;;JAPON;RECRUIT HOLDINGS JPY 1.788 1,95 648 1,18;6098.T;2.93;Agosto;2024
31;;JAPON;DAIKIN INDUSTRIES JPY 431 3,21 390 3,04;6367.T;2.45;Agosto;2024
15;;JAPON;FANUC JPY 234 1,74 228 1,77;6954.T;2.37;Mayo;2024
15;Estimado;JAPON;TERUMO JPY 2.416 2,65 3.285 3,40;4543.T;2.36;Mayo;2024
31;;JAPON;SONY GROUP JPY 2.499 2,73 1.379 2,52;6758.T;2.33;Diciembre;2023
16;Estimado;JAPON;DAIICHI SANKYO JPY 1.067 1,17 --;4568.T;2.21;Diciembre;2023
31;;JAPON;KYOCERA CORP JPY 2.433 2,66 1.347 2,46;6971.T;2.05;Diciembre;2023
31;;JAPON;OLYMPUS CORP JPY 970 1,06 356 0,65;7733.T;1.88;Diciembre;2023
15;;JAPON;TOYOTA MOTOR JPY 2.622 2,88 2.587 2,68;7203.T;1.84;Diciembre;2023
31;;JAPON;NINTENDO JPY 809 0,88 623 1,14;7974.T;1.83;Diciembre;2023
;;JAPON;CHUGAI PHARMA JPY 130 1,18 120 0,77;4519.T;1.82;Diciembre;2023
31;;JAPON;FUJIFILM HOLDINGS JPY 94 0,60 665 0,82;4901.T;1.81;Diciembre;2023
31;;JAPON;ASTELLAS PHARMA INC JPY 1.179 1,29 478 0,87;4503.T;1.8;Diciembre;2023
31;;JAPON;MITSUBISHI CORP JPY 755 0,96 766 0,94;8058.T;1.68;Diciembre;2023
31;;JAPON;M3 INC JPY 307 2,28 206 1,60;2413.T;1.66;Diciembre;2023
16;Estimado;JAPON;ITOCHU CORP JPY 387 2,88 313 2,44;8001.T;1.64;Diciembre;2023
31;;JAPON;DENSO JPY 792 0,87 -- --;6902.T;1.51;Diciembre;2023
31;;JAPON;BANDAI NAMCO HOLDING JPY 1.033 1,13 422 0,77;7832.T;1.51;Diciembre;2023
;;JAPON;TOKIO MARINE HOLDING JPY 126 1,14 121 0,77;8766.T;1.5;Diciembre;2023
31;;JAPON;KAO CORP JPY 844 0,92 566 1,03;4452.T;1.44;Diciembre;2023
31;;JAPON;SEVEN_HOLDINGS JPY 1.202 1,31 750 1,37;3382.T;1.39;Diciembre;2023
31;;JAPON;NIPPON SANSO HOLDING JPY 482 0,61 456 0,56;4091.T;1.34;Diciembre;2023
31;;JAPON;KEYENCE CORP JPY 1.354 1,48 640 1,17;6861.T;1.32;Diciembre;2023
15;;JAPON;MITSUI JPY 1.418 1,55 894 1,64;8031.T;1.32;Diciembre;2023
31;;JAPON;HONDA MOTOR JPY 869 0,95 -- --;7267.T;1.25;Diciembre;2023
31;;JAPON;HOYA JPY 901 0,98 225 0,41;7741.T;1.25;Diciembre;2023
31;;JAPON;DAIFUKU JPY 1.001 1,09 272 0,50;6383.T;1.22;Diciembre;2023
31;;JAPON;SUMITOMO REALTY DEVE JPY 705 0,87 728 0,75;8830.T;1.19;Diciembre;2023
31;;JAPON;ASAHI GROUP HOLDINGS JPY 610 0,67 268 0,49;2502.T;1.12;Diciembre;2023
31;;JAPON;SECOM CORP JPY 717 0,78 751 1,37;9735.T;1.12;Diciembre;2023
31;;JAPON;YAMAHA MOTOR JPY 454 0,56 -- --;7272.T;1.07;Diciembre;2023
;;JAPON;NTT DATA JPY 96 1,07 -- --;9613.T;1.07;Diciembre;2023
31;;JAPON;KOMATSU LTD JPY 423 0,54 486 0,60;6301.T;1.05;Diciembre;2023
;;JAPON;TRANSCOSMOS JPY 102 0,92 -- --;9715.T;0.96;Diciembre;2023
31;;JAPON;HITACHI JPY 1.079 1,18 256 0,47;6501.T;0.94;Diciembre;2023
31;;JAPON;OMRON CORPORATION JPY 91 0,58 -- --;6645.T;0.94;Diciembre;2023
31;;JAPON;TAIYO YUDEN CO JPY 482 3,59 319 2,48;6976.T;0.73;Diciembre;2023
;;JAPON;NISSAN CHIMICAL JPY 63 0,70 71 0,64;4021.T;0.7;Diciembre;2023
31;;JAPON;NIPPON SHINYAKU JPY 469 0,60 522 0,64;4516.T;0.53;Diciembre;2023
31;;MEGATRENDS;NVIDIA CORP USD 2.240 1,99 260 0,92;NVDA;4.87;Agosto;2024
31;;MEGATRENDS;MICROSOFT USD 1.547 1,38 471 1,66;MSFT;4.74;Agosto;2024
31;;MEGATRENDS;ASTRAZENECA GBP 11.157 2,20;AZN.L;3.81;Agosto;2024
31;;MEGATRENDS;Merck  Co. INC USD;MRK;3.54;Agosto;2024
31;;MEGATRENDS;APPLE INC USD;AAPL;3.52;Agosto;2024
31;;MEGATRENDS;KERRY GROUP PLC EUR 3.863 1,18 -- --;KRZ.IR;3.13;Agosto;2024
;;MEGATRENDS;Accenture PLC USD;ACN;2.78;Agosto;2024
31;Estimado;MEGATRENDS;Edwards Lifesciences USD;EW;2.69;Agosto;2024
31;;MEGATRENDS;CIENA USD 6.064 1,85 5.624 2,21;CIEN;2.67;Agosto;2024
31;;MEGATRENDS;Merck Kgaa  EUR;MRK.F;2.59;Agosto;2024
;;MEGATRENDS;Becton Dickinson and Co EUR;BDX.VI;2.58;Julio;2024
31;Estimado;MEGATRENDS;ASM LITHOGRAPHY HOLD EUR 10.703 2,41 10.409 2,05;ASML.AS;2.54;Julio;2024
31;;MEGATRENDS;TAIWAN SEMICONDUCTOR USD 7.058 2,16 -- --;TSM;2.46;Julio;2023
15;;MEGATRENDS;SAP SE EUR 5.221 1,60 5.361 2,10;SAP.DE;2.45;Junio;2024
31;;MEGATRENDS;CAPGEMINI EUR 9.720 2,33 -- --;CAP.PA;2.43;Junio;2023
16;Estimado;MEGATRENDS;CENTENE CORP USD 7.938 1,74 -- --;CNC;2.43;Junio;2024
;;MEGATRENDS;FIRST SOLAR USD 9.364 2,11 -- --;FSLR;2.43;Junio;2024
;;MEGATRENDS;GEN DIGITAL USD 11.138 2,19 13.112 2,75;GEN;2.43;Junio;2023
31;;MEGATRENDS;ALPHABET INC USD 6.437 1,97 5.234 2,05;GOOG;2.43;Junio;2023
30;Estimado;MEGATRENDS;LOGITECH INTERNAT CHF 7.709 2,36 6.833 2,68;LOGI;2.43;Junio;2023
15;;MEGATRENDS;NOVO DKK 10.336 2,04 8.830 1,85;NOVO-B.CO;2.43;Junio;2024
31;;MEGATRENDS;NEXANS SA EUR 7.565 1,49 8.051 1,69;NXS.DE;2.43;Junio;2024
;Estimado;MEGATRENDS;INSULET CORP USD 13.653 3,07 -- --;PODD;2.43;Junio;2024
15;Estimado;MEGATRENDS;PRYSMIAN SPA EUR 10.467 2,19 7.915 1,85;PRY.MI;2.43;Junio;2024
31;;MEGATRENDS;QUALCOMM USD 9.643 2,32 -- --;QCOM;2.43;Junio;2023
15;;MEGATRENDS;QIAGEN NV EUR 12.332 2,53 13.567 2,69;QIA.DE;2.43;Junio;2023
14;;MEGATRENDS;SPIE SA EUR 10.740 2,21 11.360 2,26;SPI;2.43;Junio;2024
30;;MEGATRENDS;SCHNEIDER EUR 6.903 2,11 6.270 2,46;SU.PA;2.43;Junio;2024
15;;MEGATRENDS;TRIMBLE INC USD 6.565 2,01 5.411 2,12;TRMB;2.43;Junio;2023
15;Estimado;MEGATRENDS;UCB SA EUR 3.894 0,92 -- --;UCB.BR;2.43;Junio;2024
15;Estimado;MEGATRENDS;VARONIS SYSTEMS USD 7.775 1,70 -- --;VRNS;2.43;Junio;2024
15;Estimado;MEGATRENDS;XYLEM USD 8.518 2,60 3.749 1,47;XYL;2.43;Junio;2024
31;;MEGATRENDS;ELEVANCE HEALTH USD 10.659 2,34 10.587 2,48;ELV;2.21;Diciembre;2023
31;;MEGATRENDS;AGCO CORPORATION USD 8.796 2,11 -- --;AGCO;1.91;Diciembre;2023
31;;MEGATRENDS;AVANTOR USD 7.998 1,76 -- --;AVTR;1.86;Diciembre;2023
;;MEGATRENDS;ALFEN EUR 7.390 1,46 -- --;ALFEN.AS;1.83;Diciembre;2023
31;;MEGATRENDS;PAYPAL HOLDINGS INC USD 3.087 2,75 -- -;PYPL;1.51;Diciembre;2023
31;;MEGATRENDS;VISA INC USD 5.010 1,03 -- --;V;1.33;Diciembre;2023
31;;NEWENERGY;SSE PLC GBP 1.069 1,96 1.048 2,64;SSE.L;4.92;Agosto;2024
31;;NEWENERGY;IBERDROLA EUR 2.611 7,29 2.493 7,82;IBE.MC;4.67;Agosto;2024
31;;NEWENERGY;FIRST SOLAR USD 1.488 2,73 1.215 3,05;FSLR;4.5;Agosto;2024
31;;NEWENERGY;ENERGIAS DE PORTUGAL EUR 1.121 2,05 1.187 2,98;EDP.LS;4.34;Agosto;2024
31;;NEWENERGY;Consolidated Edison INC [Utilities] USD;ED;3.81;Agosto;2024
31;;NEWENERGY;PRYSMIAN SPA EUR 10.467 2,19 7.915 1,85;PRY.MI;3.51;Agosto;2024
31;;NEWENERGY;NEXTERA ENERGY USD 1.289 2,36 947 2,38;NEE;3.26;Agosto;2023
31;;NEWENERGY;VEOLIA ENVIRONNEMENT EUR 1.038 1,90 950 2,39;VIE.PA;3.22;Agosto;2024
31;;NEWENERGY;XYLEM USD 1.435 2,63 917 2,31;XYL;3.03;Agosto;2024
31;Estimado;NEWENERGY;INFINEON TECHNOLOG. EUR 1.085 1,99 -- --;IFX.DE;3.01;Julio;2024
31;Estimado;NEWENERGY;WASTE MANAGEMENT USD 519 1,43 -- --;WM;3.01;Julio;2024
31;Estimado;NEWENERGY;TOYOTA MOTOR JPY 796 1,46 -- --;7203.T;2.98;Junio;2023
31;Estimado;NEWENERGY;NEXANS SA EUR 2.126 4,07 2.146 3,96;NXS.SG;2.98;Junio;2024
31;Estimado;NEWENERGY;ORSTED  DKK 1.060 2,96 760 2,39;ORSTED.CO;2.98;Junio;2024
31;Estimado;NEWENERGY;SAINT GOBAIN EUR 450 0,99 -- --;SGO.PA;2.98;Junio;2023
15;Estimado;NEWENERGY;SPIE SA EUR 1.286 2,36 -- --;SPIE.PA;2.98;Junio;2024
15;Estimado;NEWENERGY;SCHNEIDER EUR 1.068 1,96 -- --;SU.PA;2.98;Junio;2024
;;NEWENERGY;GRENERGY RENOVABLES EUR 1.370 2,96 -- --;5GR.F;2.96;Febrero;2024
31;;NEWENERGY;NESTE OYJ EUR 1.680 3,21 1.756 3,24;NEF.DE;2.82;Diciembre;2023
;;NEWENERGY;Accenture PLC USD;ACN;2.69;Julio;2024
31;;NEWENERGY;SAMSUNG SDI CO EUR 1.215 2,63 -- --;0l2T.L;2.63;Diciembre;2023
31;;NEWENERGY;STMICROELECTRONICS N EUR 950 1,82 -- --;SGMR.DU;2.35;Diciembre;2023
31;;NEWENERGY;SIEMENS AG EUR 1.190 2,18 999 2,51;SIE.DE;2.31;Diciembre;2023
31;;NEWENERGY;LEGRAND EUR 1.031 1,89 -- --;LR.PA;2.03;Diciembre;2023
31;;NEWENERGY;PANASONIC CORP JPY 1.096 2,01 -- --;6752.T;1.93;Diciembre;2023
31;;NEWENERGY;LINDE PLC USD 860 1,58 -- --;LIN;1.93;Diciembre;2023
31;;NEWENERGY;NEOEN SA EUR 1.545 2,96 1.526 2,82;NEOEN.PA;1.75;Diciembre;2023
;;NEWENERGY;NIBE INDUSTRIER SEK 809 1,75 -- --;NJB.F;1.75;Diciembre;2023
31;;NEWENERGY;ARRAY TECHNOLOGIES USD 1.214 2,22 -- --;ARRY;1.74;Diciembre;2023
;;NEWENERGY;ENPHASE ENERGY INC USD 384 0,72 -- --;ENPH;1.55;Diciembre;2023
31;;NEWENERGY;BEFESA EUR 607 1,12 -- --;BFSA.MU;1.37;Diciembre;2023
31;;NEWENERGY;SCATEC ASA NOK 774 1,42 -- --;SCATC.OL;1.35;Diciembre;2023
;;NEWENERGY;NATIONAL GBP 606 1,13 281 0,59;NG.L;1.32;Diciembre;2023
31;;NEWENERGY;AIR PROD CHEMICALS USD 874 1,60 -- --;APD;1.31;Diciembre;2023
31;;NEWENERGY;SOLAREDGE TECHNO USD 833 1,53 -- --;SEDG;1.03;Diciembre;2023
31;;NEWENERGY;XINYI SOLAR HOLDINGS HKD 1.191 2,18 -- --;13X.F;0.93;Diciembre;2023
31;;NEWENERGY;CORPORACION ACCIONA EUR 1.331 2,50 -- --;ANA.MC;0.81;Diciembre;2023
31;;NEWENERGY;NEL ASA NOK 1.005 1,84 -- --;NEL.OL;0.67;Diciembre;2023
31;;SANIDAD;LILLY USD 7.208 2,12 3.850 1,32;LLY;9.51;Agosto;2024
31;;SANIDAD;NOVO DKK 9.698 2,30 12.491 3,07;NVO;5.63;Agosto;2024
31;;SANIDAD;MERCK  CO INC USD 14.426 4,23 12.013 4,11;MRK;5.03;Agosto;2024
31;;SANIDAD;UNITEDHEALTH GROUP USD 8.723 2,07 7.894 1,94;UNH;4.75;Agosto;2024
31;;SANIDAD;ASTRAZENECA GBP 11.364 3,34 9.088 3,11;AZN.L;4.04;Agosto;2024
31;;SANIDAD;ROCHE HOLDINGS CHF 10.224 2,42 20.864 5,13;ROG.SW;3.53;Agosto;2024
31;;SANIDAD;INTUITIVE SURGICAL USD 7.245 1,72 7.701 1,89;ISRG;3.14;Agosto;2024
31;;SANIDAD;MERCK KGAA EUR 4.879 0,83 4.709 0,82;MRK.F;2.66;Agosto;2024
31;;SANIDAD;JOHNSON  JOHNSON USD 1.121 1,63 1.031 1,71;JNJ;2.59;Agosto;2024
31;;SANIDAD;ABBVIE INC USD 5.357 1,27 5.093 1,25;ABBV;2.49;Agosto;2024
31;Estimado;SANIDAD;PFIZER USD 6.499 1,91 7.088 2,42;PFE;2.48;Agosto;2024
31;Estimado;SANIDAD;EW LIFESCIENCES USD 5.348 1,27 5.601 1,38;EW;2.48;Agosto;2024
31;Estimado;SANIDAD;AMGEN USD 5.788 1,37 5.135 1,26;AMGN;2.46;Mayo;2024
15;Estimado;SANIDAD;BRISTOL-MYRS SQUIBB USD 9.233 2,19 7.187 1,77;BMY;2.46;Mayo;2024
31;Estimado;SANIDAD;ELEVANCE HEALTH USD 16.101 2,62 15.466 2,69;ELV;2.46;Mayo;2024
31;Estimado;SANIDAD;MEDTRONIC USD 4.373 1,04 4.163 1,02;MDT;2.46;Diciembre;2023
31;Estimado;SANIDAD;NOVARTIS CHF 10.420 2,47 24.187 5,94;NOTA.F;2.46;Mayo;2024
15;Estimado;SANIDAD;QIAGEN NV EUR 1.782 0,52 -- -;QIA.DE;2.46;Mayo;2024
;;SANIDAD;SMITH_NEPHEW GBP 12.162 2,52 15.852 2,94;SNN;2.46;Diciembre;2023
31;Estimado;SANIDAD;UCB SA EUR 3.894 0,92 -- --;UCB.BR;2.46;Mayo;2024
31;;SANIDAD;GILEAD SCIENCES USD 8.739 2,07 5.656 1,39;GILD;2.33;Diciembre;2023
15;;SANIDAD;SANOFI SA EUR 17.612 5,17 13.893 4,75;SAN.PA;2.07;Diciembre;2023
31;;SANIDAD;GRIFOLS SA EUR 10.590 2,51 11.325 2,78;GRF.MC;1.96;Diciembre;2023
31;;SANIDAD;IQVIA HOLDINGS USD 8.397 1,99 11.146 2,74;IQV;1.78;Diciembre;2023
31;;SANIDAD;VERTEX PHARMA USD 8.244 1,95 -- --;VRTX;1.75;Diciembre;2023
;;SANIDAD;INSULET CORP USD 8.015 1,66 -- --;PODD;1.66;Diciembre;2023
31;;SANIDAD;ESSILORLUXOTTICA EUR 8.215 1,95 7.546 1,85;EL.PA;1.53;Diciembre;2023
31;;SANIDAD;ABBOTT LABORATORIES USD 7.417 1,76 6.506 1,60;ABT;1.5;Diciembre;2023
31;;SANIDAD;SIEMENS HEALTHINEERS EUR 5.756 0,98 -- --;SHL.SG;1.42;Diciembre;2023
;;SANIDAD;CENTENE CORP USD 6.723 1,39 12.366 2,29;CNC;1.39;Diciembre;2023
31;;SANIDAD;THERMO FISHER USD 3.969 0,94 3.889 0,96;TMO;1.36;Diciembre;2023
31;;SANIDAD;ZIMMER BIOMET USD 7.779 1,84 7.189 1,77;ZBH;1.3;Diciembre;2023
31;;SANIDAD;BAXTER INTERNATIONAL USD 1.265 0,30 1.156 0,28;BAX;1.22;Diciembre;2023
;;SANIDAD;GSK PLC GBP 5.531 1,03 5.552 0,90;GSK.L;1.18;Diciembre;2023
31;;SANIDAD;BOSTON SCIENTIFIC USD 3.361 0,80 7.710 1,89;BSX;1.11;Diciembre;2023
31;;SANIDAD;ZOETIS USD 10.215 2,20 -- --;ZTS;1.04;Diciembre;2023
31;;SANIDAD;BIOGEN INC USD 1.968 0,47 1.654 0,41;BIIB;1.03;Diciembre;2023
31;;SANIDAD;CVS USD 4.390 1,04 3.827 0,94;CVS;1.01;Diciembre;2023
;;SANIDAD;DANAHER CORP USD 6.160 1,14 -- --;DHR;1;Diciembre;2023
31;;SANIDAD;BECTON DICKINSON_CO USD 4.146 0,98 4.096 1,01;BDX;0.91;Diciembre;2023
;;SANIDAD;CIGNA USD 4.326 0,90 4.102 0,76;CI;0.9;Diciembre;2023
31;;SANIDAD;STRAUMANN CHF 2.812 0,67 2.516 0,62;STMN.SW;0.8;Diciembre;2023
31;;SANIDAD;HCA HEALTHCARE USD 5.138 1,22 4.308 1,06;HCA;0.75;Diciembre;2023
31;;SANIDAD;SONOVA HOLDING AG CHF 2.393 0,57 2.248 0,55;SONVY;0.65;Diciembre;2023
31;;SANIDAD;GN STORE NORD DKK 8.296 1,58 -- --;GN.CO;0.57;Diciembre;2023
31;;SANIDAD;AGILENT USD 8.346 1,98 7.468 1,83;A;0.53;Diciembre;2023
31;;SANIDAD;TAKEDA JPY 2.758 0,65 2.663 0,65;4502.T;0.48;Diciembre;2023
31;;SANIDAD;ALCON INC CHF 1.816 0,43 1.651 0,41;ALC.SW;0.44;Diciembre;2023
31;;SANIDAD;ILLUMINA USD 2.966 0,70 8.195 2,01;ILMN;0.37;Diciembre;2023
31;;SANIDAD;JAZZ PHARMACEUTICALS USD 1.387 0,33 1.337 0,33;JAZZ;0.23;Diciembre;2023
31;;SANIDAD;MARAVAI LIFESCIENCES USD 2.865 0,49 2.981 0,52;MRVI;0.19;Diciembre;2023
31;;SECTORINMOBILIARIO;AMERICAN TOWER USD 738 3,51 489 3,53;AMT;3.98;Agosto;2024
31;;SECTORINMOBILIARIO;NEXTERA ENERGY USD 1.289 2,36 947 2,38;NEE;3.83;Agosto;2024
31;;SECTORINMOBILIARIO;PROLOGIS INC USD 314 1,68 874 6,30;PLD;3.69;Agosto;2024
31;;SECTORINMOBILIARIO;UNION PACIFIC CORP USD 467 2,22 155 1,12;UNP;3.43;Agosto;2024
31;;SECTORINMOBILIARIO;SEGRO PLC GBP 467 4,31 1.773 3,95;SGRO.L;3.39;Agosto;2024
31;;SECTORINMOBILIARIO;NATIONAL GBP 341 2,55 509 3,02;NG.L;3.36;Agosto;2024
31;;SECTORINMOBILIARIO;TERNA RETE EUR 542 2,57 -- --;TRN.MI;2.53;Agosto;2024
31;;SECTORINMOBILIARIO;AMERICAN HOMES 4 USD 561 0,79 513 0,78;AMH;2.43;Agosto;2024
31;;SECTORINMOBILIARIO;INVITATION HOMES USD 641 0,90 564 0,85;INVH;2.4;Agosto;2024
31;;SECTORINMOBILIARIO;CROWN CASTLE INTL USD 154 1,42 -- --;CCI;2.22;Julio;2024
31;Estimado;SECTORINMOBILIARIO;ALEXANDRIA REAL USD 157 1,13 -- --;ARE;2.21;Julio;2024
31;Estimado;SECTORINMOBILIARIO;VINCI SA EUR 128 1,18 1.112 2,48;DG.PA;2.21;Julio;2024
31;Estimado;SECTORINMOBILIARIO;DIGITAL REALTY TRUST USD 134 1,24 685 1,53;DLR;2.21;Julio;2023
31;Estimado;SECTORINMOBILIARIO;EQUINIX USD 122 1,12 -- --;EQIX;2.21;Julio;2024
31;Estimado;SECTORINMOBILIARIO;EXTRA SPACE STORAGE USD 142 1,31 -- --;EXR;2.21;Julio;2023
31;Estimado;SECTORINMOBILIARIO;FERROVIAL EUR 525 2,49 329 2,37;FER.MC;2.21;Julio;2024
31;Estimado;SECTORINMOBILIARIO;EIFFAGE EUR 145 1,34 830 1,85;FGR.PA;2.21;Julio;2024
31;Estimado;SECTORINMOBILIARIO;CHENIERE ENERGY USD 431 2,31 -- --;LNG;2.21;Julio;2024
31;Estimado;SECTORINMOBILIARIO;ONEOK USD 265 1,42 -- --;OKE;2.21;Diciembre;2023
31;Estimado;SECTORINMOBILIARIO;SACYR EUR 202 1,87 1.145 2,55;SCYR.MC;2.21;Julio;2024
31;Estimado;SECTORINMOBILIARIO;TRANSURBAN GROUP EUR 872 4,66 -- --;TU9.SG;2.21;Julio;2024
31;Estimado;SECTORINMOBILIARIO;VEOLIA ENVIRONNEMENT EUR 511 2,97 361 1,93;VIE.PA;2.21;Julio;2023
31;Estimado;SECTORINMOBILIARIO;ACCIONA SA EUR 97 0,90 -- --;ANA.MC;2.2;Diciembre;2023
31;;SECTORINMOBILIARIO;EON SE EUR 406 2,36 18;EON.BD;2.17;Diciembre;2023
15;;SECTORINMOBILIARIO;LEG IMMOBILIEN EUR 283 2,61 1.525 3,40;LEG.DE;2.06;Diciembre;2023
31;;SECTORINMOBILIARIO;AEDIFICA SA EUR 223 2,01 -- --;AED.BR;2.05;Diciembre;2023
31;;SECTORINMOBILIARIO;HYDRO ONE CAD EUR;8H1.BE;2.04;Diciembre;2023
31;;SECTORINMOBILIARIO;ENEL SPA EUR 463 2,68 480 2,57;ENEL.MI;1.93;Diciembre;2023
31;;SECTORINMOBILIARIO;BIG YELLOW GROUP PLC GBP 185 1,71 1.066 2,38;BYG.L;1.89;Diciembre;2023
31;;SECTORINMOBILIARIO;BROOKFIELD ASSET USD 193 1,75 -- --;BAM;1.88;Diciembre;2023
31;;SECTORINMOBILIARIO;MERLIN PROPERTIES EUR 89 0,82 574 1,28;MRL.MC;1.75;Diciembre;2023
31;;SECTORINMOBILIARIO;WAREHOUSES DE PAUW EUR 197 1,82 1.017 2,27;WDP.BR;1.68;Diciembre;2023
31;;SECTORINMOBILIARIO;SSE PLC GBP 193 1,12 -- --;SSEZY;1.63;Diciembre;2023
31;;SECTORINMOBILIARIO;AENA EUR 343 1,63 139 1,00;AENA.MC;1.55;Diciembre;2023
31;;SECTORINMOBILIARIO;GETLINK EUR 180 1,04 -- --;GET.PA;1.54;Diciembre;2023
31;;SECTORINMOBILIARIO;FERGUSON PLC GBP 114 1,05 -- --;FERG.L;1.53;Diciembre;2023
31;;SECTORINMOBILIARIO;UNITE GROUP GBP 178 1,65 1.538 3,43;UTG.L;1.5;Diciembre;2023
31;;SECTORINMOBILIARIO;SUN COMMUNITIES USD 341 1,62 139 1,00;SUI;1.41;Diciembre;2023
;;SECTORINMOBILIARIO;QUANTA SERVICES USD 162 0,96 -- --;PWR;1.32;Diciembre;2023
;;SECTORINMOBILIARIO;REN- REDES EUR 267 1,58 239 1,39;RENE.LS;1.31;Diciembre;2023
;;SECTORINMOBILIARIO;VONOVIA SE EUR 171 1,28 -- --;VNA.F;1.28;Diciembre;2023
31;;SECTORINMOBILIARIO;FRAPORT EUR 109 1,01 642 1,43;FRA.DE;1.03;Diciembre;2023
;;SECTORINMOBILIARIO;GOLAR LNG USD 121 0,90 157 0,93;GLNG;0.9;Diciembre;2023
;;SECTORINMOBILIARIO;CTP NV EUR 108 0,81 -- --;CTPNV.AS;0.81;Diciembre;2023
;;SECTORINMOBILIARIO;CENTRICA GBP 88 0,66 -- --;CNA.L;0.66;Diciembre;2023
31;;SECTORINMOBILIARIO;HOCHTIEF AG EUR 105 0,61 -- --;HOT.DE;0.41;Diciembre;2023
;;SECTORINMOBILIARIO;SEVERN TRENT PLC GBP 36 0,27 -- --;SVT.L;0.27;Diciembre;2023
31;;SMALLCAPS;TUBACEX EUR 2.836 2,29 1.628 1,84;TUB.MC;3.22;Agosto;2024
31;;SMALLCAPS;SACYR EUR 2.450 1,98 2.297 2,60;SCYR.MC;3.11;Agosto;2024
31;;SMALLCAPS;ACERINOX S.A. EUR 656 0,79 -- --;ACX.MC;2.96;Agosto;2024
31;;SMALLCAPS;ATALAYA MINING GBP 1.311 1,40 -- --;ATYM.L;2.5;Agosto;2024
31;;SMALLCAPS;LEONARDO EUR 1.684 1,36 -- --;LDO.MI;2.42;Agosto;2024
31;;SMALLCAPS;KONECRANES OYJ EUR 2.916 2,35 2.708 3,06;KCR.HE;2.27;Agosto;2024
31;;SMALLCAPS;CRANSWICK GBP 3.036 1,84 -- --;CWK.L;2.27;Agosto;2023
31;;SMALLCAPS;CATALANA OCCIDENTE S EUR 714 0,76 -- --;GCO.MC;2.15;Agosto;2024
;;SMALLCAPS;ROTORK GBP 1.861 1,50 1.815 2,05;ROR.L;2.11;Agosto;2023
15;;SMALLCAPS;ALLFUNDS GROUP EUR 1.984 1,60;6UY.F;2.1;Agosto;2024
31;;SMALLCAPS;BRITVIC GBP 1.794 1,45 -- -;BVIC.L;2.09;Agosto;2023
31;;SMALLCAPS;REXEL SA EUR 2.216 1,79 2.176 2,46;RXL.PA;1.97;Julio;2024
15;;SMALLCAPS;VISCOFAN EUR 3.165 2,55 1.926 2,18;VIS.MC;1.89;Julio;2024
15;Estimado;SMALLCAPS;AVOLTA AG CHF 2.063 1,68 2.420 1,95;AVOL.SW;1.88;Julio;2024
15;Estimado;SMALLCAPS;BABCOCK INTL GBP 1.151 0,93 -- --;BAB.L;1.88;Julio;2024
15;Estimado;SMALLCAPS;FLATEXDEGIRO EUR 2.388 1,93 1.347 1,52;FTK.DE;1.88;Julio;2024
15;Estimado;SMALLCAPS;INTERCOS EUR 2.031 1,64 -- --;ICOS.MI;1.88;Julio;2024
15;Estimado;SMALLCAPS;VIDRALA EUR 1.817 1,46 1.849 2,09;VID.MC;1.88;Julio;2024
15;Estimado;SMALLCAPS;EUROFINS SCIENTIFIC EUR 2.330 1,90 2.297 1,85;ESF.VI;1.79;Marzo;2024
15;Estimado;SMALLCAPS;HENSOLDT EUR 1.220 0,99 -- --;HAG.F;1.79;Marzo;2024
15;Estimado;SMALLCAPS;REN- REDES EUR 781 0,88 -- --;RN4.F;1.79;Marzo;2024
15;Estimado;SMALLCAPS;SOLARIA ENERGIA EUR 1.545 1,25 -- --;SLR.MC;1.79;Marzo;2024
15;Estimado;SMALLCAPS;TATE  LYLE GBP;TATE.L;1.79;Marzo;2024
;;SMALLCAPS;BEFESA EUR 605 0,49 1.680 1,90;BFSA.DE;1.61;Diciembre;2023
31;Estimado;SMALLCAPS;GESTAMP AUTOMOCION, EUR 3.162 2,55 904 1,02;GEST.MC;1.55;Diciembre;2023
;;SMALLCAPS;INTERROLL HOLDING CHF 1.837 1,48 1.543 1,74;INRN.SW;1.52;Diciembre;2023
;;SMALLCAPS;FORTERRA GBP 1.376 1,11 -- --;FORT.L;1.51;Diciembre;2023
;Estimado;SMALLCAPS;CORTICEIRA AMORIM EUR 2.321 1,87 1.744 1,97;COR.LS;1.5;Diciembre;2023
;;SMALLCAPS;COMPUGROUP MEDICAL EUR 2.120 1,71 1.692 1,91;COP.DE;1.45;Diciembre;2023
;;SMALLCAPS;CTS EVENTIM AG EUR 1.753 1,43 -- --;EVD.SG;1.43;Diciembre;2023
;;SMALLCAPS;ELECNOR EUR 1.730 1,41 -- --;ENO.MC;1.41;Diciembre;2023
;;SMALLCAPS;FLOW TRADERS EUR 1.932 1,56 2.717 3,07;FLOW.AS;1.4;Diciembre;2023
;Estimado;SMALLCAPS;COMPUTACENTER GBP 2.217 1,79 1.794 2,03;CCC.L;1.39;Diciembre;2023
31;;SMALLCAPS;HOWDEN JOINERY GBP 2.583 1,56 2.311 1,54;HWDN.L;1.34;Diciembre;2023
16;Estimado;SMALLCAPS;BECHTLE AG EUR 2.433 1,96 2.215 2,50;BC8.DE;1.33;Diciembre;2023
;;SMALLCAPS;ECONOCOM GROUP EUR 1.682 1,36 1.406 1,59;ECONB.BR;1.33;Diciembre;2023
31;;SMALLCAPS;TINEXTA SPA EUR 930 1,05 -- --;TNXT.MI;1.33;Diciembre;2023
;;SMALLCAPS;HOLLYWOOD BOWL GBP 1.471 1,19 1.761 1,99;BOWL.L;1.32;Diciembre;2023
;;SMALLCAPS;PROSEGUR CASH EUR 1.597 1,30 2.424 1,95;CASH.MC;1.3;Diciembre;2023
;;SMALLCAPS;TRUECALLER SEK 1.506 1,23 -- --;TRUE-B.ST;1.23;Diciembre;2023
16;Estimado;SMALLCAPS;GERRESHEIMER AG EUR 4.477 2,71 3.760 2,51;GXI.DE;1.22;Diciembre;2023
;;SMALLCAPS;VALLOUREC SA EUR 1.473 1,20 -- --;VK.PA;1.2;Diciembre;2023
31;Estimado;SMALLCAPS;C.A.F. EUR 1.822 1,94 385 0,22;CAF.MC;1.19;Diciembre;2023
;;SMALLCAPS;KARDEX HOLDING CHF 1.267 1,02 719 0,81;KARN.SW;1.18;Diciembre;2023
31;;SMALLCAPS;TGS ASA NOK 504 0,61 536 0,57;TGS.OL;1.18;Diciembre;2023
;;SMALLCAPS;LAURENT-PERRIER EUR 1.524 1,23 -- --;LPE.PA;1.16;Diciembre;2023
31;;SMALLCAPS;TELEPERFORMANCE EUR 3.109 1,19 2.520 0,92;TEP.PA;1.14;Diciembre;2023
31;;SMALLCAPS;NORMA GROUP EUR 2.872 1,74 2.970 1,98;NOEJ.DE;1.12;Diciembre;2023
;;SMALLCAPS;GLOBAL DOMINION EUR 1.401 1,13 -- --;DOM.MC;1.11;Diciembre;2023
;;SMALLCAPS;ELIS SA EUR 1.168 0,94 1.037 1,17;ELIS.PA;1.01;Diciembre;2023
;;SMALLCAPS;DUERR AG EUR 1.689 1,36 2.269 2,56;DUE.MU;0.99;Diciembre;2023
;;SMALLCAPS;SARTORIUS AG EUR 1.744 1,41 2.401 2,71;SRT3.VI;0.95;Diciembre;2023
31;Estimado;SMALLCAPS;ASM INTERNATIONAL EUR 2.330 1,88 1.885 2,13;ASM.AS;0.92;Diciembre;2023
31;;SMALLCAPS;MIQUEL Y COSTAS EUR 761 0,86 -- --;MCM.MC;0.9;Diciembre;2023
;;SMALLCAPS;DERWENT LONDON GBP 1.087 0,89 -- --;DLN.L;0.89;Diciembre;2023
;;SMALLCAPS;UNITE GROUP GBP 1.082 0,88 -- --;U1B.F;0.88;Diciembre;2023
;;SMALLCAPS;CIE AUTOMOTIVE EUR 1.159 0,93 -- --;CIE.MC;0.87;Diciembre;2023
;;SMALLCAPS;BRITISH LAND GBP 1.013 0,83 -- --;BLND.L;0.83;Diciembre;2023
;;SMALLCAPS;HUGO BOSS AG-ORD EUR 1.012 0,82 -- --;BOSS.DE;0.82;Diciembre;2023
;;SMALLCAPS;ACCELLERON INDUSTRI CHF 767 0,62 -- --;ACLN.SW;0.81;Diciembre;2023
;;SMALLCAPS;WORLDLINE SA EUR 2.010 1,62 1.827 2,06;WLN.PA;0.68;Diciembre;2023
;;SMALLCAPS;INCHCAPE PLC GBP 824 0,67 -- --;INCH.L;0.67;Diciembre;2023
31;;SMALLCAPS;RELX PLC EUR 517 0,58 -- --;REN.AS;0.58;Diciembre;2023
31;;SMALLCAPS;LABORATORIOS FARMA EUR 692 0,56 3.345 2,70;ROVI.MC;0.56;Diciembre;2023
31;;SMALLCAPS;ON THE BEACH GBP 2.503 1,39 -- --;OTB.L;0.37;Diciembre;2023
;;SMALLCAPS;GRENERGY RENOVABLES EUR 443 0,36 -- --;5GR.F;0.36;Diciembre;2023
31;Estimado;SMALLCAPS;HARBOUR ENERGY GBP 71 0,06 2.153 1,74;PQQ2.F;0.06;Diciembre;2023
;;SMALLCAPS;AUTO TRADER GROUP GBP 15 0,01 -- --;AUTO.L;0.01;Diciembre;2023
31;;TECNOLOGICO;ALPHABET INC USD 16.992 5,54 13.551 4,69;GOOG;8.99;Agosto;2024
31;;TECNOLOGICO;APPLE INCORPORATED USD 11.469 3,74 10.237 3,54;AAPL;8.28;Agosto;2024
31;;TECNOLOGICO;MICROSOFT USD 4.500 1,47 3.771 1,30;MSFT;8.1;Agosto;2024
31;;TECNOLOGICO;META PLATFORMS USD 3.215 3,00 4.733 5,55;META;7.2;Agosto;2024
31;;TECNOLOGICO;NVIDIA CORP USD 6.714 2,19 3.612 1,25;NVDA;6.95;Agosto;2024
31;;TECNOLOGICO;AMAZON.COM USD 7.122 1,80 7.198 2,02;AMZN;3.08;Agosto;2024
31;;TECNOLOGICO;ORACLE CORP USD 3.888 0,98 3.442 0,97;ORCL;2.68;Agosto;2024
31;;TECNOLOGICO;ACCENTURE PLC USD 11.079 3,61 10.565 3,65;ACN;2.65;Agosto;2024
31;;TECNOLOGICO;CIENA USD 6.574 1,27 8.123 1,48;CIEN;2.44;Agosto;2023
31;Estimado;TECNOLOGICO;ADOBE USD 5.268 1,33 5.322 1,49;ADBE;2.4;Febrero;2024
15;Estimado;TECNOLOGICO;ASML HOLDING USD;ASML.AS;2.4;Julio;2024
15;Estimado;TECNOLOGICO;CAPGEMINI EUR 13.770 2,66 14.654 2,67;CAP.PA;2.4;Febrero;2024
;Estimado;TECNOLOGICO;GEN DIGITAL USD 11.733 2,34 13.813 3,51;GEN;2.4;Febrero;2024
31;Estimado;TECNOLOGICO;MICRON TECHNOLOGY USD 7.069 1,79 5.784 1,62;MU;2.4;Julio;2024
15;Estimado;TECNOLOGICO;NETFLIX USD 7.560 1,91 -- --;NFLX;2.4;Julio;2024
31;Estimado;TECNOLOGICO;PALO ALTO USD 2.086 0,53 -- --;PANW;2.4;Julio;2024
30;Estimado;TECNOLOGICO;VISA INC;V;2.4;Julio;2024
15;Estimado;TECNOLOGICO;VARONIS SYSTEMS USD 7.775 1,70 -- --;VRNS;2.4;Febrero;2024
31;;TECNOLOGICO;CROWDSTRIKE HOLDINGS USD 1.574 0,40 -- --;CRWD;2.33;Diciembre;2023
15;;TECNOLOGICO;QUALCOMM USD 2.261 0,57 2.494 0,70;QCOM;2.12;Diciembre;2023
31;;TECNOLOGICO;SAP SE EUR 6.161 1,56 14.904 4,19;SAP.DE;1.77;Diciembre;2023
31;;TECNOLOGICO;HEWLETT PACKAR ENTER USD 6.956 1,64 -- --;HPE;1.71;Diciembre;2023
31;;TECNOLOGICO;BROADCOM USD 3.220 0,81 2.919 0,82;AVGO;1.66;Diciembre;2023
31;;TECNOLOGICO;IBM CORP USD 6.248 1,58 5.667 1,59;IBM;1.65;Diciembre;2023
15;;TECNOLOGICO;PAYPAL HOLDINGS INC USD 3.376 1,10 -- -;PYPL;1.44;Diciembre;2023
31;;TECNOLOGICO;CISCO SYSTEM USD 6.613 1,67 5.494 1,54;CSCO;1.39;Diciembre;2023
31;;TECNOLOGICO;DROPBOX USD 6.137 1,55 7.265 2,04;DBX;1.31;Diciembre;2023
31;;TECNOLOGICO;WALT DISNEY CO USD 4.385 1,43 5.036 1,74;DIS;1.27;Diciembre;2023
31;;TECNOLOGICO;SALESFORCE.COM USD 7.225 1,83 7.286 2,05;CRM;1.2;Diciembre;2023
31;;TECNOLOGICO;INFINEON TECHNOLOG. EUR 8.677 2,19 7.534 2,12;IFX.DE;0.99;Diciembre;2023
31;;TECNOLOGICO;TENCENT HOLDINGS HKD 6.689 1,69 -- --;0700.HK;0.93;Diciembre;2023
;;TECNOLOGICO;ADYEN NV EUR 3.733 0,75 10.149 2,02;ADYEN.AS;0.75;Diciembre;2023
31;;TECNOLOGICO;NINTENDO JPY 3.331 0,84 3.634 1,02;7974.T;0.66;Diciembre;2023
;;TECNOLOGICO;SOITEC EUR 2.427 0,49 -- --;SOI.PA;0.49;Diciembre;2023
31;;TECNOLOGICO;MARVELL TECHNOLOGY USD 1.670 0,42 1.557 0,44;MRVL;0.44;Diciembre;2023
31;;TECNOLOGICO;CHECK POINT SOFTWARE USD 1.432 0,36 1.632 0,46;CHKP;0.42;Diciembre;2023
31;;TECNOLOGICO;VERINT SYSTEMS USD 3.102 0,78 4.399 1,24;VRNT;0.4;Diciembre;2023
;;TECNOLOGICO;MEITUAN HKD 194 0,04 -- --;3690.HK;0.03;Diciembre;2023
15;;ZVIX;^VIX;^VIX;10;Diciembre;2023
;;ZVSTOXX;RUSSEL 2000;^RVX;10;Diciembre;2023
;;ZVSTOXX;VIN;^VIN;10;Diciembre;2023
;;ZVSTOXX;DOW JONES;^VXD;10;Diciembre;2023
15;;ZVXN;NASDAQ;^VXN;10;Diciembre;2023
